{
  "total_samples": 23288,
  "min_ppl": 34.8292236328125,
  "max_ppl": 680.6224975585938,
  "mean_ppl": 156.8696324950598,
  "median_ppl": 148.7414321899414,
  "std_ppl": 51.01616906220538,
  "10th_percentile": 99.57797393798828,
  "20th_percentile": 114.53557891845703,
  "30th_percentile": 126.4483757019043,
  "40th_percentile": 137.5068115234375,
  "50th_percentile": 148.7414321899414,
  "60th_percentile": 161.16319885253907,
  "70th_percentile": 176.18683471679688,
  "80th_percentile": 195.06485290527345,
  "90th_percentile": 224.1359436035156,
  "100th_percentile": 680.6224975585938
}